"Parameter","S1","S2"
"SL50",299.999326719445,500.000025496161
"SL95",344.165506166461,573.611138861976
"SL.desc",NA,NA
"CV.desc",NA,NA
"min.desc",NA,NA
